Game Date,Visitor/Neutral,Home/Neutral
10/22/2024,New York Knicks,Boston Celtics
10/22/2024,Minnesota Timberwolves,Los Angeles Lakers
10/23/2024,Indiana Pacers,Detroit Pistons
10/23/2024,Brooklyn Nets,Atlanta Hawks
10/23/2024,Orlando Magic,Miami Heat
10/23/2024,Milwaukee Bucks,Philadelphia 76ers
10/23/2024,Cleveland Cavaliers,Toronto Raptors
10/23/2024,Charlotte Hornets,Houston Rockets
10/23/2024,Chicago Bulls,New Orleans Pelicans
10/23/2024,Memphis Grizzlies,Utah Jazz
10/23/2024,Phoenix Suns,Los Angeles Clippers
10/23/2024,Golden State Warriors,Portland Trail Blazers
10/24/2024,Boston Celtics,Washington Wizards
10/24/2024,San Antonio Spurs,Dallas Mavericks
10/24/2024,Minnesota Timberwolves,Sacramento Kings
10/24/2024,Oklahoma City Thunder,Denver Nuggets
10/25/2024,Brooklyn Nets,Orlando Magic
10/25/2024,Philadelphia 76ers,Toronto Raptors
10/25/2024,Charlotte Hornets,Atlanta Hawks
10/25/2024,Detroit Pistons,Cleveland Cavaliers
10/25/2024,Indiana Pacers,New York Knicks
10/25/2024,Memphis Grizzlies,Houston Rockets
10/25/2024,Chicago Bulls,Milwaukee Bucks
10/25/2024,Golden State Warriors,Utah Jazz
10/25/2024,Phoenix Suns,Los Angeles Lakers
10/25/2024,New Orleans Pelicans,Portland Trail Blazers
10/26/2024,Los Angeles Clippers,Denver Nuggets
10/26/2024,Cleveland Cavaliers,Washington Wizards
10/26/2024,Boston Celtics,Detroit Pistons
10/26/2024,Miami Heat,Charlotte Hornets
10/26/2024,Orlando Magic,Memphis Grizzlies
10/26/2024,Toronto Raptors,Minnesota Timberwolves
10/26/2024,Oklahoma City Thunder,Chicago Bulls
10/26/2024,Houston Rockets,San Antonio Spurs
10/26/2024,Dallas Mavericks,Phoenix Suns
10/26/2024,Sacramento Kings,Los Angeles Lakers
10/27/2024,Philadelphia 76ers,Indiana Pacers
10/27/2024,New Orleans Pelicans,Portland Trail Blazers
10/27/2024,Milwaukee Bucks,Brooklyn Nets
10/27/2024,Atlanta Hawks,Oklahoma City Thunder
10/27/2024,Los Angeles Clippers,Golden State Warriors
10/28/2024,Indiana Pacers,Orlando Magic
10/28/2024,Washington Wizards,Atlanta Hawks
10/28/2024,Milwaukee Bucks,Boston Celtics
10/28/2024,Denver Nuggets,Toronto Raptors
10/28/2024,Detroit Pistons,Miami Heat
10/28/2024,Cleveland Cavaliers,New York Knicks
10/28/2024,Houston Rockets,San Antonio Spurs
10/28/2024,Chicago Bulls,Memphis Grizzlies
10/28/2024,Utah Jazz,Dallas Mavericks
10/28/2024,Portland Trail Blazers,Sacramento Kings
10/28/2024,Los Angeles Lakers,Phoenix Suns
10/29/2024,Denver Nuggets,Brooklyn Nets
10/29/2024,Dallas Mavericks,Minnesota Timberwolves
10/29/2024,Sacramento Kings,Utah Jazz
10/29/2024,New Orleans Pelicans,Golden State Warriors
10/30/2024,Detroit Pistons,Philadelphia 76ers
10/30/2024,Atlanta Hawks,Washington Wizards
10/30/2024,Boston Celtics,Indiana Pacers
10/30/2024,Los Angeles Lakers,Cleveland Cavaliers
10/30/2024,Toronto Raptors,Charlotte Hornets
10/30/2024,New York Knicks,Miami Heat
10/30/2024,Orlando Magic,Chicago Bulls
10/30/2024,Brooklyn Nets,Memphis Grizzlies
10/30/2024,San Antonio Spurs,Oklahoma City Thunder
10/30/2024,New Orleans Pelicans,Golden State Warriors
10/30/2024,Portland Trail Blazers,Los Angeles Clippers
10/31/2024,Milwaukee Bucks,Memphis Grizzlies
10/31/2024,Houston Rockets,Dallas Mavericks
10/31/2024,San Antonio Spurs,Utah Jazz
10/31/2024,Phoenix Suns,Los Angeles Clippers
11/1/2024,Boston Celtics,Charlotte Hornets
11/1/2024,Orlando Magic,Cleveland Cavaliers
11/1/2024,New York Knicks,Detroit Pistons
11/1/2024,Sacramento Kings,Atlanta Hawks
11/1/2024,Chicago Bulls,Brooklyn Nets
11/1/2024,Los Angeles Lakers,Toronto Raptors
11/1/2024,Indiana Pacers,New Orleans Pelicans
11/1/2024,Denver Nuggets,Minnesota Timberwolves
11/1/2024,Oklahoma City Thunder,Portland Trail Blazers
11/2/2024,Boston Celtics,Charlotte Hornets
11/2/2024,Memphis Grizzlies,Philadelphia 76ers
11/2/2024,Sacramento Kings,Toronto Raptors
11/2/2024,Golden State Warriors,Houston Rockets
11/2/2024,Cleveland Cavaliers,Milwaukee Bucks
11/2/2024,Minnesota Timberwolves,San Antonio Spurs
11/2/2024,Miami Heat,Washington Wizards
11/2/2024,Utah Jazz,Denver Nuggets
11/2/2024,Portland Trail Blazers,Phoenix Suns
11/2/2024,Oklahoma City Thunder,Los Angeles Clippers
11/3/2024,Detroit Pistons,Brooklyn Nets
11/3/2024,Atlanta Hawks,New Orleans Pelicans
11/3/2024,Orlando Magic,Dallas Mavericks
11/4/2024,Milwaukee Bucks,Cleveland Cavaliers
11/4/2024,Golden State Warriors,Washington Wizards
11/4/2024,Los Angeles Lakers,Detroit Pistons
11/4/2024,Boston Celtics,Atlanta Hawks
11/4/2024,Memphis Grizzlies,Brooklyn Nets
11/4/2024,Sacramento Kings,Miami Heat
11/4/2024,Utah Jazz,Chicago Bulls
11/4/2024,New York Knicks,Houston Rockets
11/4/2024,Charlotte Hornets,Minnesota Timberwolves
11/4/2024,Orlando Magic,Oklahoma City Thunder
11/4/2024,Portland Trail Blazers,New Orleans Pelicans
11/4/2024,Indiana Pacers,Dallas Mavericks
11/4/2024,Toronto Raptors,Denver Nuggets
11/4/2024,Philadelphia 76ers,Phoenix Suns
11/4/2024,San Antonio Spurs,Los Angeles Clippers
11/6/2024,Detroit Pistons,Charlotte Hornets
11/6/2024,Orlando Magic,Indiana Pacers
11/6/2024,New York Knicks,Atlanta Hawks
11/6/2024,Golden State Warriors,Boston Celtics
11/6/2024,San Antonio Spurs,Houston Rockets
11/6/2024,Los Angeles Lakers,Memphis Grizzlies
11/6/2024,Cleveland Cavaliers,New Orleans Pelicans
11/6/2024,Chicago Bulls,Dallas Mavericks
11/6/2024,Oklahoma City Thunder,Denver Nuggets
11/6/2024,Miami Heat,Phoenix Suns
11/6/2024,Philadelphia 76ers,Los Angeles Clippers
11/6/2024,Toronto Raptors,Sacramento Kings
11/7/2024,Minnesota Timberwolves,Chicago Bulls
11/7/2024,Utah Jazz,Milwaukee Bucks
11/7/2024,Portland Trail Blazers,San Antonio Spurs
11/8/2024,Indiana Pacers,Charlotte Hornets
11/8/2024,Atlanta Hawks,Detroit Pistons
11/8/2024,New Orleans Pelicans,Orlando Magic
11/8/2024,Brooklyn Nets,Boston Celtics
11/8/2024,Golden State Warriors,Cleveland Cavaliers
11/8/2024,Phoenix Suns,Dallas Mavericks
11/8/2024,Milwaukee Bucks,New York Knicks
11/8/2024,Washington Wizards,Memphis Grizzlies
11/8/2024,Houston Rockets,Oklahoma City Thunder
11/8/2024,Miami Heat,Denver Nuggets
11/8/2024,Portland Trail Blazers,Minnesota Timberwolves
11/8/2024,Philadelphia 76ers,Los Angeles Lakers
11/8/2024,Los Angeles Clippers,Sacramento Kings
11/9/2024,Utah Jazz,San Antonio Spurs
11/9/2024,Chicago Bulls,Atlanta Hawks
11/9/2024,Brooklyn Nets,Cleveland Cavaliers
11/9/2024,Toronto Raptors,Los Angeles Clippers
11/10/2024,Houston Rockets,Detroit Pistons
11/10/2024,Boston Celtics,Milwaukee Bucks
11/10/2024,New York Knicks,Indiana Pacers
11/10/2024,Washington Wizards,Orlando Magic
11/10/2024,Miami Heat,Minnesota Timberwolves
11/10/2024,Golden State Warriors,Oklahoma City Thunder
11/10/2024,Charlotte Hornets,Philadelphia 76ers
11/10/2024,Dallas Mavericks,Denver Nuggets
11/10/2024,Sacramento Kings,Phoenix Suns
11/10/2024,Memphis Grizzlies,Portland Trail Blazers
11/10/2024,Toronto Raptors,Los Angeles Lakers
11/11/2024,Cleveland Cavaliers,Chicago Bulls
11/11/2024,Washington Wizards,Houston Rockets
11/11/2024,Brooklyn Nets,New Orleans Pelicans
11/11/2024,Los Angeles Clippers,Oklahoma City Thunder
11/11/2024,Sacramento Kings,San Antonio Spurs
11/12/2024,Atlanta Hawks,Boston Celtics
11/12/2024,Miami Heat,Detroit Pistons
11/12/2024,Charlotte Hornets,Orlando Magic
11/12/2024,New York Knicks,Philadelphia 76ers
11/12/2024,Toronto Raptors,Milwaukee Bucks
11/12/2024,Phoenix Suns,Utah Jazz
11/12/2024,Dallas Mavericks,Golden State Warriors
11/12/2024,Minnesota Timberwolves,Portland Trail Blazers
11/13/2024,Indiana Pacers,Orlando Magic
11/13/2024,Boston Celtics,Brooklyn Nets
11/13/2024,Chicago Bulls,New York Knicks
11/13/2024,New Orleans Pelicans,Oklahoma City Thunder
11/13/2024,Cleveland Cavaliers,Philadelphia 76ers
11/13/2024,Los Angeles Clippers,Houston Rockets
11/13/2024,Detroit Pistons,Milwaukee Bucks
11/13/2024,Washington Wizards,San Antonio Spurs
11/13/2024,Memphis Grizzlies,Los Angeles Lakers
11/13/2024,Minnesota Timberwolves,Portland Trail Blazers
11/13/2024,Phoenix Suns,Sacramento Kings
11/14/2024,Dallas Mavericks,Utah Jazz
11/15/2024,Miami Heat,Indiana Pacers
11/15/2024,Philadelphia 76ers,Orlando Magic
11/15/2024,Detroit Pistons,Toronto Raptors
11/15/2024,Washington Wizards,Atlanta Hawks
11/15/2024,Chicago Bulls,Cleveland Cavaliers
11/15/2024,Brooklyn Nets,New York Knicks
11/15/2024,Los Angeles Lakers,San Antonio Spurs
11/15/2024,Los Angeles Clippers,Houston Rockets
11/15/2024,Denver Nuggets,New Orleans Pelicans
11/15/2024,Phoenix Suns,Oklahoma City Thunder
11/15/2024,Memphis Grizzlies,Golden State Warriors
11/15/2024,Minnesota Timberwolves,Sacramento Kings
11/16/2024,Milwaukee Bucks,Charlotte Hornets
11/16/2024,Toronto Raptors,Boston Celtics
11/16/2024,Los Angeles Lakers,New Orleans Pelicans
11/16/2024,San Antonio Spurs,Dallas Mavericks
11/16/2024,Utah Jazz,Sacramento Kings
11/17/2024,Phoenix Suns,Minnesota Timberwolves
11/17/2024,Miami Heat,Indiana Pacers
11/17/2024,Charlotte Hornets,Cleveland Cavaliers
11/17/2024,Denver Nuggets,Memphis Grizzlies
11/17/2024,Atlanta Hawks,Portland Trail Blazers
11/17/2024,Detroit Pistons,Washington Wizards
11/17/2024,Houston Rockets,Chicago Bulls
11/17/2024,Brooklyn Nets,New York Knicks
11/17/2024,Dallas Mavericks,Oklahoma City Thunder
11/17/2024,Utah Jazz,Los Angeles Clippers
11/18/2024,Chicago Bulls,Detroit Pistons
11/18/2024,Philadelphia 76ers,Miami Heat
11/18/2024,Washington Wizards,New York Knicks
11/18/2024,Indiana Pacers,Toronto Raptors
11/18/2024,Houston Rockets,Milwaukee Bucks
11/18/2024,Orlando Magic,Phoenix Suns
11/18/2024,Atlanta Hawks,Sacramento Kings
11/18/2024,Golden State Warriors,Los Angeles Clippers
11/19/2024,Cleveland Cavaliers,Boston Celtics
11/19/2024,Charlotte Hornets,Brooklyn Nets
11/19/2024,Denver Nuggets,Memphis Grizzlies
11/19/2024,New Orleans Pelicans,Dallas Mavericks
11/19/2024,Oklahoma City Thunder,San Antonio Spurs
11/19/2024,Utah Jazz,Los Angeles Lakers
11/20/2024,New Orleans Pelicans,Cleveland Cavaliers
11/20/2024,Chicago Bulls,Milwaukee Bucks
11/20/2024,Indiana Pacers,Houston Rockets
11/20/2024,Philadelphia 76ers,Memphis Grizzlies
11/20/2024,Portland Trail Blazers,Oklahoma City Thunder
11/20/2024,Atlanta Hawks,Golden State Warriors
11/20/2024,New York Knicks,Phoenix Suns
11/20/2024,Orlando Magic,Los Angeles Clippers
11/21/2024,Detroit Pistons,Charlotte Hornets
11/21/2024,Minnesota Timberwolves,Toronto Raptors
11/21/2024,Utah Jazz,San Antonio Spurs
11/21/2024,Orlando Magic,Los Angeles Lakers
11/22/2024,Brooklyn Nets,Philadelphia 76ers
11/22/2024,Boston Celtics,Washington Wizards
11/22/2024,Indiana Pacers,Milwaukee Bucks
11/22/2024,Atlanta Hawks,Chicago Bulls
11/22/2024,Portland Trail Blazers,Houston Rockets
11/22/2024,Golden State Warriors,New Orleans Pelicans
11/22/2024,Dallas Mavericks,Denver Nuggets
11/22/2024,Sacramento Kings,Los Angeles Clippers
11/23/2024,New York Knicks,Utah Jazz
11/23/2024,Detroit Pistons,Orlando Magic
11/23/2024,Memphis Grizzlies,Chicago Bulls
11/23/2024,Portland Trail Blazers,Houston Rockets
11/23/2024,Charlotte Hornets,Milwaukee Bucks
11/23/2024,Golden State Warriors,San Antonio Spurs
11/23/2024,Denver Nuggets,Los Angeles Lakers
11/24/2024,Minnesota Timberwolves,Boston Celtics
11/24/2024,Washington Wizards,Indiana Pacers
11/24/2024,Dallas Mavericks,Miami Heat
11/24/2024,Los Angeles Clippers,Philadelphia 76ers
11/24/2024,Toronto Raptors,Cleveland Cavaliers
11/24/2024,Brooklyn Nets,Sacramento Kings
11/25/2024,Orlando Magic,Charlotte Hornets
11/25/2024,Toronto Raptors,Detroit Pistons
11/25/2024,New Orleans Pelicans,Indiana Pacers
11/25/2024,Dallas Mavericks,Atlanta Hawks
11/25/2024,Los Angeles Clippers,Boston Celtics
11/25/2024,Portland Trail Blazers,Memphis Grizzlies
11/25/2024,New York Knicks,Denver Nuggets
11/25/2024,Brooklyn Nets,Golden State Warriors
11/25/2024,Oklahoma City Thunder,Sacramento Kings
11/26/2024,Chicago Bulls,Washington Wizards
11/26/2024,Milwaukee Bucks,Miami Heat
11/26/2024,Houston Rockets,Minnesota Timberwolves
11/26/2024,San Antonio Spurs,Utah Jazz
11/26/2024,Los Angeles Lakers,Phoenix Suns
11/27/2024,Miami Heat,Charlotte Hornets
11/27/2024,Atlanta Hawks,Cleveland Cavaliers
11/27/2024,Portland Trail Blazers,Indiana Pacers
11/27/2024,Chicago Bulls,Orlando Magic
11/27/2024,Houston Rockets,Philadelphia 76ers
11/27/2024,Los Angeles Clippers,Washington Wizards
11/27/2024,New York Knicks,Dallas Mavericks
11/27/2024,Detroit Pistons,Memphis Grizzlies
11/27/2024,Sacramento Kings,Minnesota Timberwolves
11/27/2024,Toronto Raptors,New Orleans Pelicans
11/27/2024,Los Angeles Lakers,San Antonio Spurs
11/27/2024,Brooklyn Nets,Phoenix Suns
11/27/2024,Denver Nuggets,Utah Jazz
11/27/2024,Oklahoma City Thunder,Golden State Warriors
11/29/2024,New York Knicks,Charlotte Hornets
11/29/2024,Cleveland Cavaliers,Atlanta Hawks
11/29/2024,New Orleans Pelicans,Memphis Grizzlies
11/29/2024,Orlando Magic,Brooklyn Nets
11/29/2024,Los Angeles Clippers,Minnesota Timberwolves
11/29/2024,Boston Celtics,Chicago Bulls
11/29/2024,Detroit Pistons,Indiana Pacers
11/29/2024,Toronto Raptors,Miami Heat
11/29/2024,Oklahoma City Thunder,Los Angeles Lakers
11/29/2024,Sacramento Kings,Portland Trail Blazers
11/30/2024,Atlanta Hawks,Charlotte Hornets
11/30/2024,Philadelphia 76ers,Detroit Pistons
11/30/2024,Washington Wizards,Milwaukee Bucks
11/30/2024,Golden State Warriors,Phoenix Suns
11/30/2024,Dallas Mavericks,Utah Jazz
12/1/2024,Orlando Magic,Brooklyn Nets
12/1/2024,Indiana Pacers,Memphis Grizzlies
12/1/2024,Boston Celtics,Cleveland Cavaliers
12/1/2024,New Orleans Pelicans,New York Knicks
12/1/2024,Miami Heat,Toronto Raptors
12/1/2024,Oklahoma City Thunder,Houston Rockets
12/1/2024,Los Angeles Lakers,Utah Jazz
12/1/2024,Dallas Mavericks,Portland Trail Blazers
12/1/2024,San Antonio Spurs,Sacramento Kings
12/1/2024,Denver Nuggets,Los Angeles Clippers
12/2/2024,New Orleans Pelicans,Atlanta Hawks
12/2/2024,Miami Heat,Boston Celtics
12/2/2024,Brooklyn Nets,Chicago Bulls
12/2/2024,Los Angeles Lakers,Minnesota Timberwolves
12/3/2024,Philadelphia 76ers,Charlotte Hornets
12/3/2024,Washington Wizards,Cleveland Cavaliers
12/3/2024,Milwaukee Bucks,Detroit Pistons
12/3/2024,Orlando Magic,New York Knicks
12/3/2024,Indiana Pacers,Toronto Raptors
12/3/2024,Utah Jazz,Oklahoma City Thunder
12/3/2024,Memphis Grizzlies,Dallas Mavericks
12/3/2024,San Antonio Spurs,Phoenix Suns
12/3/2024,Golden State Warriors,Denver Nuggets
12/3/2024,Houston Rockets,Sacramento Kings
12/3/2024,Portland Trail Blazers,Los Angeles Clippers
12/4/2024,Detroit Pistons,Boston Celtics
12/4/2024,Indiana Pacers,Brooklyn Nets
12/4/2024,Los Angeles Lakers,Miami Heat
12/4/2024,Orlando Magic,Philadelphia 76ers
12/4/2024,Atlanta Hawks,Milwaukee Bucks
12/4/2024,Minnesota Timberwolves,Los Angeles Clippers
12/5/2024,Denver Nuggets,Cleveland Cavaliers
12/5/2024,Dallas Mavericks,Washington Wizards
12/5/2024,Charlotte Hornets,New York Knicks
12/5/2024,Oklahoma City Thunder,Toronto Raptors
12/5/2024,Sacramento Kings,Memphis Grizzlies
12/5/2024,Phoenix Suns,New Orleans Pelicans
12/5/2024,Chicago Bulls,San Antonio Spurs
12/5/2024,Houston Rockets,Golden State Warriors
12/6/2024,Orlando Magic,Philadelphia 76ers
12/6/2024,Los Angeles Lakers,Atlanta Hawks
12/6/2024,Milwaukee Bucks,Boston Celtics
12/6/2024,Indiana Pacers,Chicago Bulls
12/6/2024,Sacramento Kings,San Antonio Spurs
12/6/2024,Minnesota Timberwolves,Golden State Warriors
12/6/2024,Utah Jazz,Portland Trail Blazers
12/7/2024,Cleveland Cavaliers,Charlotte Hornets
12/7/2024,Oklahoma City Thunder,New Orleans Pelicans
12/7/2024,Denver Nuggets,Washington Wizards
12/7/2024,Detroit Pistons,New York Knicks
12/7/2024,Dallas Mavericks,Toronto Raptors
12/7/2024,Memphis Grizzlies,Boston Celtics
12/7/2024,Phoenix Suns,Miami Heat
12/8/2024,Philadelphia 76ers,Chicago Bulls
12/8/2024,Milwaukee Bucks,Brooklyn Nets
12/8/2024,Charlotte Hornets,Indiana Pacers
12/8/2024,Denver Nuggets,Atlanta Hawks
12/8/2024,Cleveland Cavaliers,Miami Heat
12/8/2024,Phoenix Suns,Orlando Magic
12/8/2024,New Orleans Pelicans,San Antonio Spurs
12/8/2024,Memphis Grizzlies,Washington Wizards
12/8/2024,Minnesota Timberwolves,Golden State Warriors
12/8/2024,Houston Rockets,Los Angeles Clippers
12/8/2024,Utah Jazz,Sacramento Kings
12/8/2024,Portland Trail Blazers,Los Angeles Lakers
12/9/2024,New York Knicks,Toronto Raptors
12/19/2024,Utah Jazz,Detroit Pistons
12/19/2024,Oklahoma City Thunder,Orlando Magic
12/19/2024,Charlotte Hornets,Washington Wizards
12/19/2024,Chicago Bulls,Boston Celtics
12/19/2024,Brooklyn Nets,Toronto Raptors
12/19/2024,New Orleans Pelicans,Houston Rockets
12/19/2024,Golden State Warriors,Memphis Grizzlies
12/19/2024,New York Knicks,Minnesota Timberwolves
12/19/2024,Los Angeles Clippers,Dallas Mavericks
12/19/2024,Indiana Pacers,Phoenix Suns
12/19/2024,Atlanta Hawks,San Antonio Spurs
12/19/2024,Denver Nuggets,Portland Trail Blazers
12/19/2024,Los Angeles Lakers,Sacramento Kings
12/20/2024,Charlotte Hornets,Philadelphia 76ers
12/20/2024,Milwaukee Bucks,Cleveland Cavaliers
12/20/2024,Oklahoma City Thunder,Miami Heat
12/21/2024,Los Angeles Lakers,Sacramento Kings
12/21/2024,Miami Heat,Orlando Magic
12/21/2024,Memphis Grizzlies,Atlanta Hawks
12/21/2024,Utah Jazz,Brooklyn Nets
12/21/2024,Boston Celtics,Chicago Bulls
12/21/2024,Philadelphia 76ers,Cleveland Cavaliers
12/21/2024,Washington Wizards,Milwaukee Bucks
12/21/2024,Golden State Warriors,Minnesota Timberwolves
12/21/2024,New York Knicks,New Orleans Pelicans
12/21/2024,Los Angeles Clippers,Dallas Mavericks
12/21/2024,Portland Trail Blazers,San Antonio Spurs
12/21/2024,Detroit Pistons,Phoenix Suns
12/22/2024,Indiana Pacers,Sacramento Kings
12/22/2024,Houston Rockets,Toronto Raptors
12/22/2024,Denver Nuggets,New Orleans Pelicans
12/23/2024,Houston Rockets,Charlotte Hornets
12/23/2024,Utah Jazz,Cleveland Cavaliers
12/23/2024,Boston Celtics,Orlando Magic
12/23/2024,San Antonio Spurs,Philadelphia 76ers
12/23/2024,Minnesota Timberwolves,Atlanta Hawks
12/23/2024,Brooklyn Nets,Miami Heat
12/23/2024,Toronto Raptors,New York Knicks
12/23/2024,Milwaukee Bucks,Chicago Bulls
12/23/2024,Los Angeles Clippers,Memphis Grizzlies
12/23/2024,Washington Wizards,Oklahoma City Thunder
12/23/2024,Portland Trail Blazers,Dallas Mavericks
12/23/2024,Phoenix Suns,Denver Nuggets
12/23/2024,Indiana Pacers,Golden State Warriors
12/23/2024,Detroit Pistons,Los Angeles Lakers
12/25/2024,San Antonio Spurs,New York Knicks
12/25/2024,Minnesota Timberwolves,Dallas Mavericks
12/25/2024,Philadelphia 76ers,Boston Celtics
12/25/2024,Los Angeles Lakers,Golden State Warriors
12/25/2024,Denver Nuggets,Phoenix Suns
12/26/2024,Oklahoma City Thunder,Indiana Pacers
12/26/2024,Miami Heat,Orlando Magic
12/26/2024,Charlotte Hornets,Washington Wizards
12/26/2024,Chicago Bulls,Atlanta Hawks
12/26/2024,Toronto Raptors,Memphis Grizzlies
12/26/2024,Brooklyn Nets,Milwaukee Bucks
12/26/2024,Houston Rockets,New Orleans Pelicans
12/26/2024,Utah Jazz,Portland Trail Blazers
12/26/2024,Detroit Pistons,Sacramento Kings
12/27/2024,New York Knicks,Orlando Magic
12/27/2024,Indiana Pacers,Boston Celtics
12/27/2024,San Antonio Spurs,Brooklyn Nets
12/27/2024,Minnesota Timberwolves,Houston Rockets
12/27/2024,Memphis Grizzlies,New Orleans Pelicans
12/27/2024,Cleveland Cavaliers,Denver Nuggets
12/27/2024,Dallas Mavericks,Phoenix Suns
12/27/2024,Golden State Warriors,Los Angeles Clippers
12/28/2024,Miami Heat,Atlanta Hawks
12/28/2024,Oklahoma City Thunder,Charlotte Hornets
12/28/2024,New York Knicks,Washington Wizards
12/28/2024,Milwaukee Bucks,Chicago Bulls
12/28/2024,Phoenix Suns,Golden State Warriors
12/28/2024,Detroit Pistons,Denver Nuggets
12/28/2024,Philadelphia 76ers,Utah Jazz
12/28/2024,Dallas Mavericks,Portland Trail Blazers
12/28/2024,Sacramento Kings,Los Angeles Lakers
12/29/2024,Brooklyn Nets,Orlando Magic
12/29/2024,Indiana Pacers,Boston Celtics
12/29/2024,Atlanta Hawks,Toronto Raptors
12/29/2024,Miami Heat,Houston Rockets
12/29/2024,Memphis Grizzlies,Oklahoma City Thunder
12/29/2024,San Antonio Spurs,Minnesota Timberwolves
12/30/2024,Chicago Bulls,Charlotte Hornets
12/30/2024,New York Knicks,Washington Wizards
12/30/2024,Los Angeles Clippers,New Orleans Pelicans
12/30/2024,Denver Nuggets,Utah Jazz
12/30/2024,Cleveland Cavaliers,Golden State Warriors
12/30/2024,Philadelphia 76ers,Portland Trail Blazers
12/30/2024,Dallas Mavericks,Sacramento Kings
12/31/2024,Toronto Raptors,Boston Celtics
12/31/2024,Milwaukee Bucks,Indiana Pacers
12/31/2024,Los Angeles Clippers,San Antonio Spurs
12/31/2024,Minnesota Timberwolves,Oklahoma City Thunder
12/31/2024,Cleveland Cavaliers,Los Angeles Lakers
12/31/2024,Memphis Grizzlies,Phoenix Suns
1/1/2025,Orlando Magic,Detroit Pistons
1/1/2025,Chicago Bulls,Washington Wizards
1/1/2025,New Orleans Pelicans,Miami Heat
1/1/2025,Utah Jazz,New York Knicks
1/1/2025,Brooklyn Nets,Toronto Raptors
1/1/2025,Dallas Mavericks,Houston Rockets
1/1/2025,Atlanta Hawks,Denver Nuggets
1/1/2025,Philadelphia 76ers,Sacramento Kings
1/2/2025,Indiana Pacers,Miami Heat
1/2/2025,Boston Celtics,Minnesota Timberwolves
1/2/2025,Brooklyn Nets,Milwaukee Bucks
1/2/2025,Los Angeles Clippers,Oklahoma City Thunder
1/2/2025,Philadelphia 76ers,Golden State Warriors
1/2/2025,Portland Trail Blazers,Los Angeles Lakers
1/3/2025,Charlotte Hornets,Detroit Pistons
1/3/2025,Orlando Magic,Toronto Raptors
1/3/2025,Boston Celtics,Houston Rockets
1/3/2025,Washington Wizards,New Orleans Pelicans
1/3/2025,New York Knicks,Oklahoma City Thunder
1/3/2025,Cleveland Cavaliers,Dallas Mavericks
1/3/2025,San Antonio Spurs,Denver Nuggets
1/3/2025,Memphis Grizzlies,Sacramento Kings
1/3/2025,Atlanta Hawks,Los Angeles Lakers
1/4/2025,Philadelphia 76ers,Brooklyn Nets
1/4/2025,Minnesota Timberwolves,Detroit Pistons
1/4/2025,Phoenix Suns,Indiana Pacers
1/4/2025,New York Knicks,Chicago Bulls
1/4/2025,Utah Jazz,Miami Heat
1/4/2025,Portland Trail Blazers,Milwaukee Bucks
1/4/2025,Denver Nuggets,San Antonio Spurs
1/4/2025,Memphis Grizzlies,Golden State Warriors
1/4/2025,Atlanta Hawks,Los Angeles Clippers
1/5/2025,Boston Celtics,Oklahoma City Thunder
1/5/2025,Charlotte Hornets,Cleveland Cavaliers
1/5/2025,New Orleans Pelicans,Washington Wizards
1/5/2025,Utah Jazz,Orlando Magic
1/5/2025,Los Angeles Lakers,Houston Rockets
1/5/2025,Sacramento Kings,Golden State Warriors
1/6/2025,Portland Trail Blazers,Detroit Pistons
1/6/2025,Phoenix Suns,Philadelphia 76ers
1/6/2025,Indiana Pacers,Brooklyn Nets
1/6/2025,Orlando Magic,New York Knicks
1/6/2025,Milwaukee Bucks,Toronto Raptors
1/6/2025,San Antonio Spurs,Chicago Bulls
1/6/2025,Dallas Mavericks,Memphis Grizzlies
1/6/2025,Los Angeles Clippers,Minnesota Timberwolves
1/6/2025,Miami Heat,Sacramento Kings
1/7/2025,Phoenix Suns,Charlotte Hornets
1/7/2025,Houston Rockets,Washington Wizards
1/7/2025,Los Angeles Lakers,Dallas Mavericks
1/7/2025,Minnesota Timberwolves,New Orleans Pelicans
1/7/2025,Atlanta Hawks,Utah Jazz
1/7/2025,Boston Celtics,Denver Nuggets
1/7/2025,Miami Heat,Golden State Warriors
1/8/2025,Oklahoma City Thunder,Cleveland Cavaliers
1/8/2025,Chicago Bulls,Indiana Pacers
1/8/2025,Toronto Raptors,New York Knicks
1/8/2025,Washington Wizards,Philadelphia 76ers
1/8/2025,Detroit Pistons,Brooklyn Nets
1/8/2025,Portland Trail Blazers,New Orleans Pelicans
1/8/2025,Los Angeles Clippers,Denver Nuggets
1/8/2025,San Antonio Spurs,Milwaukee Bucks
1/9/2025,Toronto Raptors,Cleveland Cavaliers
1/9/2025,Golden State Warriors,Detroit Pistons
1/9/2025,Minnesota Timberwolves,Orlando Magic
1/9/2025,Houston Rockets,Memphis Grizzlies
1/9/2025,Portland Trail Blazers,Dallas Mavericks
1/9/2025,Atlanta Hawks,Phoenix Suns
1/9/2025,Miami Heat,Utah Jazz
1/9/2025,Charlotte Hornets,Los Angeles Lakers
1/10/2025,Golden State Warriors,Indiana Pacers
1/10/2025,Milwaukee Bucks,Orlando Magic
1/10/2025,New Orleans Pelicans,Philadelphia 76ers
1/10/2025,Sacramento Kings,Boston Celtics
1/10/2025,Oklahoma City Thunder,New York Knicks
1/10/2025,Washington Wizards,Chicago Bulls
1/10/2025,Brooklyn Nets,Denver Nuggets
1/11/2025,Houston Rockets,Atlanta Hawks
1/11/2025,Utah Jazz,Phoenix Suns
1/11/2025,Toronto Raptors,Detroit Pistons
1/11/2025,Memphis Grizzlies,Minnesota Timberwolves
1/11/2025,Miami Heat,Portland Trail Blazers
1/11/2025,Charlotte Hornets,Los Angeles Clippers
1/11/2025,San Antonio Spurs,Los Angeles Lakers
1/12/2025,Denver Nuggets,Dallas Mavericks
1/12/2025,Milwaukee Bucks,New York Knicks
1/12/2025,Sacramento Kings,Chicago Bulls
1/12/2025,New Orleans Pelicans,Boston Celtics
1/12/2025,Indiana Pacers,Cleveland Cavaliers
1/12/2025,Philadelphia 76ers,Orlando Magic
1/12/2025,Oklahoma City Thunder,Washington Wizards
1/12/2025,Brooklyn Nets,Utah Jazz
1/12/2025,Charlotte Hornets,Phoenix Suns
1/13/2025,Minnesota Timberwolves,Washington Wizards
1/13/2025,Detroit Pistons,New York Knicks
1/13/2025,Golden State Warriors,Toronto Raptors
1/13/2025,Memphis Grizzlies,Houston Rockets
1/13/2025,Miami Heat,Los Angeles Clippers
1/13/2025,San Antonio Spurs,Los Angeles Lakers
1/14/2025,Cleveland Cavaliers,Indiana Pacers
1/14/2025,Oklahoma City Thunder,Philadelphia 76ers
1/14/2025,Phoenix Suns,Atlanta Hawks
1/14/2025,New Orleans Pelicans,Chicago Bulls
1/14/2025,Sacramento Kings,Milwaukee Bucks
1/14/2025,Denver Nuggets,Dallas Mavericks
1/14/2025,Brooklyn Nets,Portland Trail Blazers
1/15/2025,New York Knicks,Philadelphia 76ers
1/15/2025,Boston Celtics,Toronto Raptors
1/15/2025,Atlanta Hawks,Chicago Bulls
1/15/2025,Orlando Magic,Milwaukee Bucks
1/15/2025,Golden State Warriors,Minnesota Timberwolves
1/15/2025,Dallas Mavericks,New Orleans Pelicans
1/15/2025,Memphis Grizzlies,San Antonio Spurs
1/15/2025,Houston Rockets,Denver Nuggets
1/15/2025,Charlotte Hornets,Utah Jazz
1/15/2025,Miami Heat,Los Angeles Lakers
1/15/2025,Brooklyn Nets,Los Angeles Clippers
1/16/2025,Indiana Pacers,Detroit Pistons
1/16/2025,Phoenix Suns,Washington Wizards
1/16/2025,Cleveland Cavaliers,Oklahoma City Thunder
1/16/2025,Los Angeles Clippers,Portland Trail Blazers
1/16/2025,Houston Rockets,Sacramento Kings
1/17/2025,Orlando Magic,Boston Celtics
1/17/2025,Minnesota Timberwolves,New York Knicks
1/17/2025,Denver Nuggets,Miami Heat
1/17/2025,Toronto Raptors,Milwaukee Bucks
1/17/2025,Utah Jazz,New Orleans Pelicans
1/17/2025,Memphis Grizzlies,San Antonio Spurs
1/17/2025,Oklahoma City Thunder,Dallas Mavericks
1/17/2025,Charlotte Hornets,Chicago Bulls
1/17/2025,Brooklyn Nets,Los Angeles Lakers
1/18/2025,Phoenix Suns,Detroit Pistons
1/18/2025,Atlanta Hawks,Boston Celtics
1/18/2025,Philadelphia 76ers,Indiana Pacers
1/18/2025,Washington Wizards,Golden State Warriors
1/18/2025,Cleveland Cavaliers,Minnesota Timberwolves
1/18/2025,Houston Rockets,Portland Trail Blazers
1/19/2025,San Antonio Spurs,Miami Heat
1/19/2025,Denver Nuggets,Orlando Magic
1/19/2025,Philadelphia 76ers,Milwaukee Bucks
1/19/2025,Brooklyn Nets,Oklahoma City Thunder
1/19/2025,Los Angeles Lakers,Los Angeles Clippers
1/19/2025,Chicago Bulls,Portland Trail Blazers
1/19/2025,Washington Wizards,Sacramento Kings
1/20/2025,Dallas Mavericks,Charlotte Hornets
1/20/2025,Detroit Pistons,Houston Rockets
1/20/2025,Minnesota Timberwolves,Memphis Grizzlies
1/20/2025,Atlanta Hawks,New York Knicks
1/20/2025,Phoenix Suns,Cleveland Cavaliers
1/20/2025,Boston Celtics,Golden State Warriors
1/20/2025,Utah Jazz,New Orleans Pelicans
1/21/2025,New York Knicks,Brooklyn Nets
1/21/2025,Portland Trail Blazers,Miami Heat
1/21/2025,Orlando Magic,Toronto Raptors
1/21/2025,Philadelphia 76ers,Denver Nuggets
1/21/2025,Chicago Bulls,Los Angeles Clippers
1/21/2025,Washington Wizards,Los Angeles Lakers
1/22/2025,Detroit Pistons,Atlanta Hawks
1/22/2025,Phoenix Suns,Brooklyn Nets
1/22/2025,Minnesota Timberwolves,Dallas Mavericks
1/22/2025,Cleveland Cavaliers,Houston Rockets
1/22/2025,Charlotte Hornets,Memphis Grizzlies
1/22/2025,Milwaukee Bucks,New Orleans Pelicans
1/22/2025,Utah Jazz,Oklahoma City Thunder
1/22/2025,Golden State Warriors,Sacramento Kings
1/22/2025,Boston Celtics,Los Angeles Clippers
1/23/2025,San Antonio Spurs,Indiana Pacers
1/23/2025,Portland Trail Blazers,Orlando Magic
1/23/2025,Toronto Raptors,Atlanta Hawks
1/23/2025,Miami Heat,Milwaukee Bucks
1/23/2025,Dallas Mavericks,Oklahoma City Thunder
1/23/2025,Sacramento Kings,Denver Nuggets
1/23/2025,Washington Wizards,Utah Jazz
1/23/2025,Chicago Bulls,Golden State Warriors
1/23/2025,Boston Celtics,Los Angeles Lakers
1/24/2025,Portland Trail Blazers,Charlotte Hornets
1/24/2025,Cleveland Cavaliers,Philadelphia 76ers
1/24/2025,New Orleans Pelicans,Memphis Grizzlies
1/25/2025,Indiana Pacers,San Antonio Spurs
1/25/2025,Denver Nuggets,Minnesota Timberwolves
1/25/2025,Boston Celtics,Dallas Mavericks
1/25/2025,Miami Heat,Brooklyn Nets
1/25/2025,New Orleans Pelicans,Charlotte Hornets
1/25/2025,Detroit Pistons,Orlando Magic
1/25/2025,Toronto Raptors,Atlanta Hawks
1/25/2025,Houston Rockets,Cleveland Cavaliers
1/25/2025,Sacramento Kings,New York Knicks
1/25/2025,Philadelphia 76ers,Chicago Bulls
1/25/2025,Utah Jazz,Memphis Grizzlies
1/25/2025,Los Angeles Lakers,Golden State Warriors
1/25/2025,Washington Wizards,Phoenix Suns
1/25/2025,Milwaukee Bucks,Los Angeles Clippers
1/26/2025,Oklahoma City Thunder,Portland Trail Blazers
1/27/2025,Los Angeles Lakers,Charlotte Hornets
1/27/2025,Detroit Pistons,Cleveland Cavaliers
1/27/2025,Houston Rockets,Boston Celtics
1/27/2025,Sacramento Kings,Brooklyn Nets
1/27/2025,Orlando Magic,Miami Heat
1/27/2025,Memphis Grizzlies,New York Knicks
1/27/2025,New Orleans Pelicans,Toronto Raptors
1/27/2025,Denver Nuggets,Chicago Bulls
1/27/2025,Atlanta Hawks,Minnesota Timberwolves
1/27/2025,Washington Wizards,Dallas Mavericks
1/27/2025,Milwaukee Bucks,Utah Jazz
1/27/2025,Los Angeles Clippers,Phoenix Suns
1/28/2025,Los Angeles Lakers,Philadelphia 76ers
1/28/2025,Utah Jazz,Golden State Warriors
1/28/2025,Milwaukee Bucks,Portland Trail Blazers
1/29/2025,Brooklyn Nets,Charlotte Hornets
1/29/2025,Detroit Pistons,Indiana Pacers
1/29/2025,Toronto Raptors,Washington Wizards
1/29/2025,Chicago Bulls,Boston Celtics
1/29/2025,Cleveland Cavaliers,Miami Heat
1/29/2025,Denver Nuggets,New York Knicks
1/29/2025,Sacramento Kings,Philadelphia 76ers
1/29/2025,Dallas Mavericks,New Orleans Pelicans
1/29/2025,Los Angeles Clippers,San Antonio Spurs
1/29/2025,Minnesota Timberwolves,Phoenix Suns
1/29/2025,Oklahoma City Thunder,Golden State Warriors
1/30/2025,Los Angeles Lakers,Washington Wizards
1/30/2025,Atlanta Hawks,Cleveland Cavaliers
1/30/2025,Houston Rockets,Memphis Grizzlies
1/30/2025,Orlando Magic,Portland Trail Blazers
1/30/2025,Minnesota Timberwolves,Utah Jazz
1/31/2025,Los Angeles Clippers,Charlotte Hornets
1/31/2025,Dallas Mavericks,Detroit Pistons
1/31/2025,Denver Nuggets,Philadelphia 76ers
1/31/2025,Chicago Bulls,Toronto Raptors
1/31/2025,Boston Celtics,New Orleans Pelicans
1/31/2025,Milwaukee Bucks,San Antonio Spurs
1/31/2025,Phoenix Suns,Golden State Warriors
2/1/2025,Atlanta Hawks,Indiana Pacers
2/1/2025,Orlando Magic,Utah Jazz
2/1/2025,Denver Nuggets,Charlotte Hornets
2/1/2025,Brooklyn Nets,Houston Rockets
2/1/2025,Washington Wizards,Minnesota Timberwolves
2/1/2025,Sacramento Kings,Oklahoma City Thunder
2/1/2025,Los Angeles Lakers,New York Knicks
2/1/2025,Miami Heat,San Antonio Spurs
2/1/2025,Phoenix Suns,Portland Trail Blazers
2/2/2025,Chicago Bulls,Detroit Pistons
2/2/2025,Dallas Mavericks,Cleveland Cavaliers
2/2/2025,Los Angeles Clippers,Toronto Raptors
2/2/2025,Boston Celtics,Philadelphia 76ers
2/2/2025,Memphis Grizzlies,Milwaukee Bucks
2/3/2025,Washington Wizards,Charlotte Hornets
2/3/2025,Atlanta Hawks,Detroit Pistons
2/3/2025,Houston Rockets,New York Knicks
2/3/2025,San Antonio Spurs,Memphis Grizzlies
2/3/2025,Sacramento Kings,Minnesota Timberwolves
2/3/2025,Milwaukee Bucks,Oklahoma City Thunder
2/3/2025,New Orleans Pelicans,Denver Nuggets
2/3/2025,Indiana Pacers,Utah Jazz
2/3/2025,Orlando Magic,Golden State Warriors
2/3/2025,Phoenix Suns,Portland Trail Blazers
2/4/2025,Boston Celtics,Cleveland Cavaliers
2/4/2025,Houston Rockets,Brooklyn Nets
2/4/2025,Dallas Mavericks,Philadelphia 76ers
2/4/2025,New York Knicks,Toronto Raptors
2/4/2025,Miami Heat,Chicago Bulls
2/4/2025,Los Angeles Lakers,Los Angeles Clippers
2/4/2025,Indiana Pacers,Portland Trail Blazers
2/5/2025,Milwaukee Bucks,Charlotte Hornets
2/5/2025,Cleveland Cavaliers,Detroit Pistons
2/5/2025,San Antonio Spurs,Atlanta Hawks
2/5/2025,Washington Wizards,Brooklyn Nets
2/5/2025,Miami Heat,Philadelphia 76ers
2/5/2025,Memphis Grizzlies,Toronto Raptors
2/5/2025,Chicago Bulls,Minnesota Timberwolves
2/5/2025,Phoenix Suns,Oklahoma City Thunder
2/5/2025,Golden State Warriors,Utah Jazz
2/5/2025,New Orleans Pelicans,Denver Nuggets
2/5/2025,Orlando Magic,Sacramento Kings
2/6/2025,Dallas Mavericks,Boston Celtics
2/6/2025,Houston Rockets,Minnesota Timberwolves
2/6/2025,Orlando Magic,Denver Nuggets
2/6/2025,Golden State Warriors,Los Angeles Lakers
2/6/2025,Sacramento Kings,Portland Trail Blazers
2/6/2025,Indiana Pacers,Los Angeles Clippers
2/7/2025,San Antonio Spurs,Charlotte Hornets
2/7/2025,Cleveland Cavaliers,Washington Wizards
2/7/2025,Milwaukee Bucks,Atlanta Hawks
2/7/2025,Miami Heat,Brooklyn Nets
2/7/2025,Philadelphia 76ers,Detroit Pistons
2/7/2025,Toronto Raptors,Oklahoma City Thunder
2/7/2025,Utah Jazz,Phoenix Suns
2/8/2025,Houston Rockets,Dallas Mavericks
2/8/2025,Indiana Pacers,Los Angeles Lakers
2/8/2025,San Antonio Spurs,Orlando Magic
2/8/2025,Atlanta Hawks,Washington Wizards
2/8/2025,Golden State Warriors,Chicago Bulls
2/8/2025,Oklahoma City Thunder,Memphis Grizzlies
2/8/2025,Portland Trail Blazers,Minnesota Timberwolves
2/8/2025,Boston Celtics,New York Knicks
2/8/2025,Denver Nuggets,Phoenix Suns
2/8/2025,New Orleans Pelicans,Sacramento Kings
2/8/2025,Utah Jazz,Los Angeles Clippers
2/9/2025,Charlotte Hornets,Detroit Pistons
2/9/2025,Toronto Raptors,Houston Rockets
2/9/2025,Philadelphia 76ers,Milwaukee Bucks
2/10/2025,Minnesota Timberwolves,Cleveland Cavaliers
2/10/2025,Atlanta Hawks,Orlando Magic
2/10/2025,San Antonio Spurs,Washington Wizards
2/10/2025,Charlotte Hornets,Brooklyn Nets
2/10/2025,Boston Celtics,Miami Heat
2/10/2025,Golden State Warriors,Milwaukee Bucks
2/10/2025,New Orleans Pelicans,Oklahoma City Thunder
2/10/2025,Sacramento Kings,Dallas Mavericks
2/10/2025,Portland Trail Blazers,Denver Nuggets
2/11/2025,Toronto Raptors,Philadelphia 76ers
2/11/2025,New York Knicks,Indiana Pacers
2/11/2025,Detroit Pistons,Chicago Bulls
2/11/2025,Memphis Grizzlies,Phoenix Suns
2/11/2025,Utah Jazz,Los Angeles Lakers
2/12/2025,San Antonio Spurs,Boston Celtics
2/12/2025,Charlotte Hornets,Orlando Magic
2/12/2025,Indiana Pacers,Washington Wizards
2/12/2025,Philadelphia 76ers,Brooklyn Nets
2/12/2025,Atlanta Hawks,New York Knicks
2/12/2025,Cleveland Cavaliers,Toronto Raptors
2/12/2025,Detroit Pistons,Chicago Bulls
2/12/2025,Milwaukee Bucks,Minnesota Timberwolves
2/12/2025,Sacramento Kings,New Orleans Pelicans
2/12/2025,Miami Heat,Oklahoma City Thunder
2/12/2025,Phoenix Suns,Houston Rockets
2/12/2025,Portland Trail Blazers,Denver Nuggets
2/12/2025,Los Angeles Lakers,Utah Jazz
2/12/2025,Golden State Warriors,Dallas Mavericks
2/12/2025,Memphis Grizzlies,Los Angeles Clippers
2/13/2025,Golden State Warriors,Houston Rockets
2/13/2025,Sacramento Kings,New Orleans Pelicans
2/13/2025,Miami Heat,Dallas Mavericks
2/13/2025,Oklahoma City Thunder,Minnesota Timberwolves
2/20/2025,Memphis Grizzlies,Indiana Pacers
2/20/2025,Boston Celtics,Philadelphia 76ers
2/20/2025,Orlando Magic,Atlanta Hawks
2/20/2025,Cleveland Cavaliers,Brooklyn Nets
2/20/2025,Chicago Bulls,New York Knicks
2/20/2025,Los Angeles Clippers,Milwaukee Bucks
2/20/2025,Charlotte Hornets,Denver Nuggets
2/20/2025,Phoenix Suns,San Antonio Spurs
2/20/2025,Los Angeles Lakers,Portland Trail Blazers
2/21/2025,New York Knicks,Cleveland Cavaliers
2/21/2025,Memphis Grizzlies,Orlando Magic
2/21/2025,Milwaukee Bucks,Washington Wizards
2/21/2025,Miami Heat,Toronto Raptors
2/21/2025,Minnesota Timberwolves,Houston Rockets
2/21/2025,Detroit Pistons,San Antonio Spurs
2/21/2025,New Orleans Pelicans,Dallas Mavericks
2/21/2025,Oklahoma City Thunder,Utah Jazz
2/21/2025,Golden State Warriors,Sacramento Kings
2/22/2025,Phoenix Suns,Chicago Bulls
2/22/2025,Brooklyn Nets,Philadelphia 76ers
2/22/2025,Los Angeles Lakers,Denver Nuggets
2/22/2025,Houston Rockets,Utah Jazz
2/22/2025,Charlotte Hornets,Portland Trail Blazers
2/23/2025,New York Knicks,Boston Celtics
2/23/2025,Dallas Mavericks,Golden State Warriors
2/23/2025,Los Angeles Clippers,Indiana Pacers
2/23/2025,Detroit Pistons,Atlanta Hawks
2/23/2025,Washington Wizards,Orlando Magic
2/23/2025,Phoenix Suns,Toronto Raptors
2/23/2025,Miami Heat,Milwaukee Bucks
2/23/2025,San Antonio Spurs,New Orleans Pelicans
2/23/2025,Memphis Grizzlies,Cleveland Cavaliers
2/23/2025,Oklahoma City Thunder,Minnesota Timberwolves
2/24/2025,Los Angeles Clippers,Detroit Pistons
2/24/2025,Denver Nuggets,Indiana Pacers
2/24/2025,Chicago Bulls,Philadelphia 76ers
2/24/2025,Brooklyn Nets,Washington Wizards
2/24/2025,Miami Heat,Atlanta Hawks
2/24/2025,Minnesota Timberwolves,Oklahoma City Thunder
2/24/2025,Portland Trail Blazers,Utah Jazz
2/24/2025,Charlotte Hornets,Sacramento Kings
2/25/2025,Boston Celtics,Toronto Raptors
2/25/2025,Cleveland Cavaliers,Orlando Magic
2/25/2025,Milwaukee Bucks,Houston Rockets
2/25/2025,Phoenix Suns,Memphis Grizzlies
2/25/2025,San Antonio Spurs,New Orleans Pelicans
2/25/2025,Charlotte Hornets,Golden State Warriors
2/25/2025,Dallas Mavericks,Los Angeles Lakers
2/26/2025,Boston Celtics,Detroit Pistons
2/26/2025,Toronto Raptors,Indiana Pacers
2/26/2025,Philadelphia 76ers,New York Knicks
2/26/2025,Portland Trail Blazers,Washington Wizards
2/26/2025,Oklahoma City Thunder,Brooklyn Nets
2/26/2025,Atlanta Hawks,Miami Heat
2/26/2025,Los Angeles Clippers,Chicago Bulls
2/26/2025,Sacramento Kings,Utah Jazz
2/26/2025,San Antonio Spurs,Houston Rockets
2/27/2025,Golden State Warriors,Orlando Magic
2/27/2025,Denver Nuggets,Milwaukee Bucks
2/27/2025,Charlotte Hornets,Dallas Mavericks
2/27/2025,New Orleans Pelicans,Phoenix Suns
2/27/2025,Minnesota Timberwolves,Los Angeles Lakers
2/28/2025,Denver Nuggets,Detroit Pistons
2/28/2025,Oklahoma City Thunder,Atlanta Hawks
2/28/2025,Cleveland Cavaliers,Boston Celtics
2/28/2025,Portland Trail Blazers,Brooklyn Nets
2/28/2025,Toronto Raptors,Chicago Bulls
2/28/2025,New York Knicks,Memphis Grizzlies
2/28/2025,Indiana Pacers,Miami Heat
2/28/2025,New Orleans Pelicans,Phoenix Suns
2/28/2025,Minnesota Timberwolves,Utah Jazz
2/28/2025,Los Angeles Clippers,Los Angeles Lakers
3/1/2025,Washington Wizards,Charlotte Hornets
3/1/2025,Brooklyn Nets,Detroit Pistons
3/1/2025,Sacramento Kings,Houston Rockets
3/1/2025,San Antonio Spurs,Memphis Grizzlies
3/1/2025,Milwaukee Bucks,Dallas Mavericks
3/1/2025,Golden State Warriors,Philadelphia 76ers
3/2/2025,Denver Nuggets,Boston Celtics
3/2/2025,Portland Trail Blazers,Cleveland Cavaliers
3/2/2025,Chicago Bulls,Indiana Pacers
3/2/2025,New York Knicks,Miami Heat
3/2/2025,Toronto Raptors,Orlando Magic
3/2/2025,Oklahoma City Thunder,San Antonio Spurs
3/2/2025,New Orleans Pelicans,Utah Jazz
3/2/2025,Los Angeles Clippers,Los Angeles Lakers
3/2/2025,Minnesota Timberwolves,Phoenix Suns
3/3/2025,Golden State Warriors,Charlotte Hornets
3/3/2025,Portland Trail Blazers,Philadelphia 76ers
3/3/2025,Washington Wizards,Miami Heat
3/3/2025,Atlanta Hawks,Memphis Grizzlies
3/3/2025,Houston Rockets,Oklahoma City Thunder
3/3/2025,Sacramento Kings,Dallas Mavericks
3/3/2025,Detroit Pistons,Utah Jazz
3/4/2025,Houston Rockets,Indiana Pacers
3/4/2025,Toronto Raptors,Orlando Magic
3/4/2025,Milwaukee Bucks,Atlanta Hawks
3/4/2025,Golden State Warriors,New York Knicks
3/4/2025,Cleveland Cavaliers,Chicago Bulls
3/4/2025,Philadelphia 76ers,Minnesota Timberwolves
3/4/2025,Brooklyn Nets,San Antonio Spurs
3/4/2025,Los Angeles Clippers,Phoenix Suns
3/4/2025,New Orleans Pelicans,Los Angeles Lakers
3/5/2025,Portland Trail Blazers,Boston Celtics
3/5/2025,Minnesota Timberwolves,Charlotte Hornets
3/5/2025,Miami Heat,Cleveland Cavaliers
3/5/2025,Utah Jazz,Washington Wizards
3/5/2025,Oklahoma City Thunder,Memphis Grizzlies
3/5/2025,Sacramento Kings,Denver Nuggets
3/5/2025,Dallas Mavericks,Milwaukee Bucks
3/5/2025,Detroit Pistons,Los Angeles Clippers
3/6/2025,Indiana Pacers,Atlanta Hawks
3/6/2025,Philadelphia 76ers,Boston Celtics
3/6/2025,Golden State Warriors,Brooklyn Nets
3/6/2025,Houston Rockets,New Orleans Pelicans
3/6/2025,New York Knicks,Los Angeles Lakers
3/7/2025,Cleveland Cavaliers,Charlotte Hornets
3/7/2025,Memphis Grizzlies,Dallas Mavericks
3/7/2025,Utah Jazz,Toronto Raptors
3/7/2025,Minnesota Timberwolves,Miami Heat
3/7/2025,Portland Trail Blazers,Oklahoma City Thunder
3/7/2025,Phoenix Suns,Denver Nuggets
3/7/2025,San Antonio Spurs,Sacramento Kings
3/7/2025,New York Knicks,Los Angeles Clippers
3/8/2025,Brooklyn Nets,Charlotte Hornets
3/8/2025,New Orleans Pelicans,Houston Rockets
3/8/2025,Indiana Pacers,Atlanta Hawks
3/8/2025,Washington Wizards,Toronto Raptors
3/8/2025,Chicago Bulls,Miami Heat
3/8/2025,Orlando Magic,Milwaukee Bucks
3/8/2025,Los Angeles Lakers,Boston Celtics
3/8/2025,Detroit Pistons,Golden State Warriors
3/9/2025,Denver Nuggets,Oklahoma City Thunder
3/9/2025,Phoenix Suns,Dallas Mavericks
3/9/2025,Cleveland Cavaliers,Milwaukee Bucks
3/9/2025,Memphis Grizzlies,New Orleans Pelicans
3/9/2025,Utah Jazz,Philadelphia 76ers
3/9/2025,San Antonio Spurs,Minnesota Timberwolves
3/9/2025,Detroit Pistons,Portland Trail Blazers
3/9/2025,Sacramento Kings,Los Angeles Clippers
3/10/2025,Philadelphia 76ers,Atlanta Hawks
3/10/2025,Utah Jazz,Boston Celtics
3/10/2025,Los Angeles Lakers,Brooklyn Nets
3/10/2025,Charlotte Hornets,Miami Heat
3/10/2025,Washington Wizards,Toronto Raptors
3/10/2025,Indiana Pacers,Chicago Bulls
3/10/2025,Orlando Magic,Houston Rockets
3/10/2025,Phoenix Suns,Memphis Grizzlies
3/10/2025,Denver Nuggets,Oklahoma City Thunder
3/10/2025,Dallas Mavericks,San Antonio Spurs
3/10/2025,Portland Trail Blazers,Golden State Warriors
3/10/2025,New York Knicks,Sacramento Kings
3/11/2025,Brooklyn Nets,Cleveland Cavaliers
3/11/2025,Washington Wizards,Detroit Pistons
3/11/2025,Milwaukee Bucks,Indiana Pacers
3/11/2025,Los Angeles Clippers,New Orleans Pelicans
3/12/2025,Chicago Bulls,Orlando Magic
3/12/2025,Charlotte Hornets,Atlanta Hawks
3/12/2025,Oklahoma City Thunder,Boston Celtics
3/12/2025,Philadelphia 76ers,Toronto Raptors
3/12/2025,Phoenix Suns,Houston Rockets
3/12/2025,Utah Jazz,Memphis Grizzlies
3/12/2025,Los Angeles Clippers,Miami Heat
3/12/2025,Dallas Mavericks,San Antonio Spurs
3/12/2025,Minnesota Timberwolves,Denver Nuggets
3/12/2025,New York Knicks,Portland Trail Blazers
3/13/2025,Washington Wizards,Detroit Pistons
3/13/2025,Los Angeles Lakers,Milwaukee Bucks
3/13/2025,Brooklyn Nets,Chicago Bulls
3/13/2025,Sacramento Kings,Golden State Warriors
3/14/2025,Boston Celtics,Miami Heat
3/14/2025,Indiana Pacers,Philadelphia 76ers
3/14/2025,Los Angeles Clippers,Atlanta Hawks
3/14/2025,Dallas Mavericks,Houston Rockets
3/14/2025,Cleveland Cavaliers,Memphis Grizzlies
3/14/2025,Orlando Magic,Minnesota Timberwolves
3/14/2025,Charlotte Hornets,San Antonio Spurs
3/14/2025,Los Angeles Lakers,Denver Nuggets
3/14/2025,Toronto Raptors,Utah Jazz
3/14/2025,Sacramento Kings,Phoenix Suns
3/15/2025,Boston Celtics,Brooklyn Nets
3/15/2025,Oklahoma City Thunder,Detroit Pistons
3/15/2025,Chicago Bulls,Houston Rockets
3/15/2025,Miami Heat,Memphis Grizzlies
3/15/2025,Indiana Pacers,Milwaukee Bucks
3/15/2025,New York Knicks,Golden State Warriors
3/15/2025,New Orleans Pelicans,San Antonio Spurs
3/15/2025,Washington Wizards,Denver Nuggets
3/16/2025,Philadelphia 76ers,Dallas Mavericks
3/16/2025,Phoenix Suns,Los Angeles Lakers
3/16/2025,Atlanta Hawks,Brooklyn Nets
3/16/2025,Orlando Magic,Cleveland Cavaliers
3/16/2025,Toronto Raptors,Portland Trail Blazers
3/16/2025,Utah Jazz,Minnesota Timberwolves
3/16/2025,Oklahoma City Thunder,Milwaukee Bucks
3/16/2025,Washington Wizards,Los Angeles Clippers
3/17/2025,Miami Heat,New York Knicks
3/17/2025,Philadelphia 76ers,Houston Rockets
3/17/2025,Indiana Pacers,Minnesota Timberwolves
3/17/2025,Detroit Pistons,New Orleans Pelicans
3/17/2025,Orlando Magic,San Antonio Spurs
3/17/2025,Chicago Bulls,Utah Jazz
3/17/2025,Denver Nuggets,Golden State Warriors
3/17/2025,Toronto Raptors,Phoenix Suns
3/17/2025,Memphis Grizzlies,Sacramento Kings
3/18/2025,Atlanta Hawks,Charlotte Hornets
3/18/2025,Brooklyn Nets,Boston Celtics
3/18/2025,Washington Wizards,Portland Trail Blazers
3/18/2025,Cleveland Cavaliers,Los Angeles Clippers
3/18/2025,Milwaukee Bucks,Los Angeles Lakers
3/19/2025,Dallas Mavericks,Indiana Pacers
3/19/2025,Houston Rockets,Orlando Magic
3/19/2025,Detroit Pistons,Miami Heat
3/19/2025,New Orleans Pelicans,Minnesota Timberwolves
3/19/2025,Philadelphia 76ers,Oklahoma City Thunder
3/19/2025,New York Knicks,San Antonio Spurs
3/19/2025,Los Angeles Clippers,Utah Jazz
3/19/2025,Toronto Raptors,Golden State Warriors
3/19/2025,Denver Nuggets,Los Angeles Lakers
3/19/2025,Chicago Bulls,Phoenix Suns
3/19/2025,Memphis Grizzlies,Portland Trail Blazers
3/19/2025,Cleveland Cavaliers,Sacramento Kings
3/20/2025,New York Knicks,Charlotte Hornets
3/20/2025,Brooklyn Nets,Indiana Pacers
3/20/2025,Milwaukee Bucks,Golden State Warriors
3/20/2025,Chicago Bulls,Sacramento Kings
3/21/2025,Orlando Magic,Washington Wizards
3/21/2025,Houston Rockets,Miami Heat
3/21/2025,New Orleans Pelicans,Minnesota Timberwolves
3/21/2025,Charlotte Hornets,Oklahoma City Thunder
3/21/2025,Philadelphia 76ers,San Antonio Spurs
3/21/2025,Detroit Pistons,Dallas Mavericks
3/21/2025,Boston Celtics,Utah Jazz
3/21/2025,Cleveland Cavaliers,Phoenix Suns
3/21/2025,Denver Nuggets,Portland Trail Blazers
3/21/2025,Memphis Grizzlies,Los Angeles Clippers
3/22/2025,Brooklyn Nets,Indiana Pacers
3/22/2025,Golden State Warriors,Atlanta Hawks
3/22/2025,Washington Wizards,New York Knicks
3/22/2025,Milwaukee Bucks,Sacramento Kings
3/22/2025,Chicago Bulls,Los Angeles Lakers
3/23/2025,New Orleans Pelicans,Detroit Pistons
3/23/2025,Cleveland Cavaliers,Utah Jazz
3/23/2025,Philadelphia 76ers,Atlanta Hawks
3/23/2025,Charlotte Hornets,Miami Heat
3/23/2025,Boston Celtics,Portland Trail Blazers
3/23/2025,San Antonio Spurs,Toronto Raptors
3/23/2025,Denver Nuggets,Houston Rockets
3/23/2025,Oklahoma City Thunder,Los Angeles Clippers
3/24/2025,Minnesota Timberwolves,Indiana Pacers
3/24/2025,Los Angeles Lakers,Orlando Magic
3/24/2025,Toronto Raptors,Washington Wizards
3/24/2025,Dallas Mavericks,Brooklyn Nets
3/24/2025,Philadelphia 76ers,New Orleans Pelicans
3/24/2025,Chicago Bulls,Denver Nuggets
3/24/2025,Milwaukee Bucks,Phoenix Suns
3/24/2025,Boston Celtics,Sacramento Kings
3/25/2025,Orlando Magic,Charlotte Hornets
3/25/2025,San Antonio Spurs,Detroit Pistons
3/25/2025,Golden State Warriors,Miami Heat
3/25/2025,Dallas Mavericks,New York Knicks
3/25/2025,Atlanta Hawks,Houston Rockets
3/25/2025,Memphis Grizzlies,Utah Jazz
3/25/2025,Cleveland Cavaliers,Portland Trail Blazers
3/25/2025,Oklahoma City Thunder,Sacramento Kings
3/26/2025,Washington Wizards,Philadelphia 76ers
3/26/2025,Toronto Raptors,Brooklyn Nets
3/26/2025,Los Angeles Lakers,Indiana Pacers
3/26/2025,Los Angeles Clippers,New York Knicks
3/26/2025,Milwaukee Bucks,Denver Nuggets
3/26/2025,Boston Celtics,Phoenix Suns
3/27/2025,San Antonio Spurs,Cleveland Cavaliers
3/27/2025,Dallas Mavericks,Orlando Magic
3/27/2025,Indiana Pacers,Washington Wizards
3/27/2025,Atlanta Hawks,Miami Heat
3/27/2025,Los Angeles Lakers,Chicago Bulls
3/27/2025,Memphis Grizzlies,Oklahoma City Thunder
3/27/2025,Houston Rockets,Utah Jazz
3/27/2025,Portland Trail Blazers,Sacramento Kings
3/28/2025,Cleveland Cavaliers,Detroit Pistons
3/28/2025,Los Angeles Clippers,Brooklyn Nets
3/28/2025,Charlotte Hornets,Toronto Raptors
3/28/2025,New York Knicks,Milwaukee Bucks
3/28/2025,Phoenix Suns,Minnesota Timberwolves
3/28/2025,Golden State Warriors,New Orleans Pelicans
3/28/2025,Utah Jazz,Denver Nuggets
3/29/2025,Sacramento Kings,Orlando Magic
3/29/2025,Brooklyn Nets,Washington Wizards
3/29/2025,Miami Heat,Philadelphia 76ers
3/29/2025,Dallas Mavericks,Chicago Bulls
3/29/2025,Los Angeles Lakers,Memphis Grizzlies
3/29/2025,Indiana Pacers,Oklahoma City Thunder
3/29/2025,Boston Celtics,San Antonio Spurs
3/30/2025,Los Angeles Clippers,Cleveland Cavaliers
3/30/2025,Portland Trail Blazers,New York Knicks
3/30/2025,Atlanta Hawks,Milwaukee Bucks
3/30/2025,Detroit Pistons,Minnesota Timberwolves
3/30/2025,Charlotte Hornets,New Orleans Pelicans
3/30/2025,Golden State Warriors,San Antonio Spurs
3/30/2025,Toronto Raptors,Philadelphia 76ers
3/30/2025,Houston Rockets,Phoenix Suns
3/31/2025,Utah Jazz,Charlotte Hornets
3/31/2025,Sacramento Kings,Indiana Pacers
3/31/2025,Los Angeles Clippers,Orlando Magic
3/31/2025,Miami Heat,Washington Wizards
3/31/2025,Boston Celtics,Memphis Grizzlies
3/31/2025,Chicago Bulls,Oklahoma City Thunder
3/31/2025,Brooklyn Nets,Dallas Mavericks
3/31/2025,Houston Rockets,Los Angeles Lakers
4/1/2025,Portland Trail Blazers,Atlanta Hawks
4/1/2025,Philadelphia 76ers,New York Knicks
4/1/2025,Toronto Raptors,Chicago Bulls
4/1/2025,Golden State Warriors,Memphis Grizzlies
4/1/2025,Phoenix Suns,Milwaukee Bucks
4/1/2025,Minnesota Timberwolves,Denver Nuggets
4/2/2025,New York Knicks,Cleveland Cavaliers
4/2/2025,Charlotte Hornets,Indiana Pacers
4/2/2025,Sacramento Kings,Washington Wizards
4/2/2025,Miami Heat,Boston Celtics
4/2/2025,Utah Jazz,Houston Rockets
4/2/2025,Detroit Pistons,Oklahoma City Thunder
4/2/2025,Atlanta Hawks,Dallas Mavericks
4/2/2025,San Antonio Spurs,Denver Nuggets
4/2/2025,New Orleans Pelicans,Los Angeles Clippers
4/3/2025,Orlando Magic,Washington Wizards
4/3/2025,Minnesota Timberwolves,Brooklyn Nets
4/3/2025,Memphis Grizzlies,Miami Heat
4/3/2025,Milwaukee Bucks,Philadelphia 76ers
4/3/2025,Portland Trail Blazers,Toronto Raptors
4/3/2025,Golden State Warriors,Los Angeles Lakers
4/4/2025,Sacramento Kings,Charlotte Hornets
4/4/2025,Utah Jazz,Indiana Pacers
4/4/2025,Phoenix Suns,Boston Celtics
4/4/2025,Detroit Pistons,Toronto Raptors
4/4/2025,Portland Trail Blazers,Chicago Bulls
4/4/2025,Oklahoma City Thunder,Houston Rockets
4/4/2025,Cleveland Cavaliers,San Antonio Spurs
4/4/2025,Denver Nuggets,Golden State Warriors
4/4/2025,Dallas Mavericks,Los Angeles Clippers
4/4/2025,New Orleans Pelicans,Los Angeles Lakers
4/5/2025,New York Knicks,Atlanta Hawks
4/5/2025,Memphis Grizzlies,Detroit Pistons
4/5/2025,Minnesota Timberwolves,Philadelphia 76ers
4/5/2025,Milwaukee Bucks,Miami Heat
4/5/2025,Dallas Mavericks,Los Angeles Clippers
4/6/2025,Chicago Bulls,Charlotte Hornets
4/6/2025,Toronto Raptors,Brooklyn Nets
4/6/2025,Los Angeles Lakers,Oklahoma City Thunder
4/6/2025,Utah Jazz,Atlanta Hawks
4/6/2025,Washington Wizards,Boston Celtics
4/6/2025,Sacramento Kings,Cleveland Cavaliers
4/6/2025,San Antonio Spurs,Portland Trail Blazers
4/6/2025,Orlando Magic,New Orleans Pelicans
4/6/2025,Phoenix Suns,New York Knicks
4/6/2025,Indiana Pacers,Denver Nuggets
4/6/2025,Houston Rockets,Golden State Warriors
4/7/2025,Sacramento Kings,Detroit Pistons
4/7/2025,Philadelphia 76ers,Miami Heat
4/8/2025,Memphis Grizzlies,Charlotte Hornets
4/8/2025,Chicago Bulls,Cleveland Cavaliers
4/8/2025,Washington Wizards,Indiana Pacers
4/8/2025,Atlanta Hawks,Orlando Magic
4/8/2025,New Orleans Pelicans,Brooklyn Nets
4/8/2025,Boston Celtics,New York Knicks
4/8/2025,Minnesota Timberwolves,Milwaukee Bucks
4/8/2025,Los Angeles Lakers,Oklahoma City Thunder
4/8/2025,Golden State Warriors,Phoenix Suns
4/8/2025,San Antonio Spurs,Los Angeles Clippers
4/9/2025,Boston Celtics,Orlando Magic
4/9/2025,Philadelphia 76ers,Washington Wizards
4/9/2025,Los Angeles Lakers,Dallas Mavericks
4/9/2025,Charlotte Hornets,Toronto Raptors
4/9/2025,Miami Heat,Chicago Bulls
4/9/2025,New Orleans Pelicans,Milwaukee Bucks
4/9/2025,Portland Trail Blazers,Utah Jazz
4/9/2025,San Antonio Spurs,Golden State Warriors
4/9/2025,Oklahoma City Thunder,Phoenix Suns
4/9/2025,Denver Nuggets,Sacramento Kings
4/9/2025,Houston Rockets,Los Angeles Clippers
4/10/2025,New York Knicks,Detroit Pistons
4/10/2025,Cleveland Cavaliers,Indiana Pacers
4/10/2025,Atlanta Hawks,Brooklyn Nets
4/10/2025,Minnesota Timberwolves,Memphis Grizzlies
4/11/2025,Milwaukee Bucks,Detroit Pistons
4/11/2025,Orlando Magic,Indiana Pacers
4/11/2025,Atlanta Hawks,Philadelphia 76ers
4/11/2025,Charlotte Hornets,Boston Celtics
4/11/2025,Cleveland Cavaliers,New York Knicks
4/11/2025,Washington Wizards,Chicago Bulls
4/11/2025,Miami Heat,New Orleans Pelicans
4/11/2025,Toronto Raptors,Dallas Mavericks
4/11/2025,Memphis Grizzlies,Denver Nuggets
4/11/2025,Brooklyn Nets,Minnesota Timberwolves
4/11/2025,Oklahoma City Thunder,Utah Jazz
4/11/2025,San Antonio Spurs,Phoenix Suns
4/11/2025,Golden State Warriors,Portland Trail Blazers
4/11/2025,Los Angeles Clippers,Sacramento Kings
4/11/2025,Houston Rockets,Los Angeles Lakers
4/13/2025,Orlando Magic,Atlanta Hawks
4/13/2025,Charlotte Hornets,Boston Celtics
4/13/2025,New York Knicks,Brooklyn Nets
4/13/2025,Indiana Pacers,Cleveland Cavaliers
4/13/2025,Washington Wizards,Miami Heat
4/13/2025,Detroit Pistons,Milwaukee Bucks
4/13/2025,Chicago Bulls,Philadelphia 76ers
4/13/2025,Los Angeles Clippers,Golden State Warriors
4/13/2025,Denver Nuggets,Houston Rockets
4/13/2025,Dallas Mavericks,Memphis Grizzlies
4/13/2025,Utah Jazz,Minnesota Timberwolves
4/13/2025,Oklahoma City Thunder,New Orleans Pelicans
4/13/2025,Los Angeles Lakers,Portland Trail Blazers
4/13/2025,Phoenix Suns,Sacramento Kings
4/13/2025,Toronto Raptors,San Antonio Spurs
4/16/2025,Miami Heat,Chicago Bulls
4/16/2025,Dallas Mavericks,Sacramento Kings
4/18/2025,Dallas Mavericks,Memphis Grizzlies
4/18/2025,Miami Heat, Atlanta Hawks
4/19/2025,Milwaukee Bucks, Indiana Pacers
4/19/2025,Los Angeles Clippers, Denver Nuggets
4/19/2025,Detroit Pistons, New York Knicks
4/20/2025,Memphis Grizzlies, Oklahoma City Thunder
4/20/2025,Orlando Magic, Boston Celtics
4/20/2025,Miami Heat, Cleveland Cavaliers
4/20/2025,Golden State Warriors, Houston Rockets
4/21/2025,Detroit Pistons, New York Knicks
4/21/2025,Los Angeles Clippers, Denver Nuggets

